test_image,output,flag,username,timestamp
,C:\桌面\college\大四上\project\flower_GoogleNet\flagged\output\tmpekxxrttd.json,,,2022-11-26 16:35:00.586767
,C:\桌面\college\大四上\project\flower_GoogleNet\flagged\output\tmpq7teg7z3.json,,,2022-11-26 16:35:02.735767
,C:\桌面\college\大四上\project\flower_GoogleNet\flagged\output\tmpuutt9q4z.json,,,2022-11-26 16:35:03.742927
,C:\桌面\college\大四上\project\flower_GoogleNet\flagged\output\tmpynft3w_z.json,,,2022-11-26 16:35:03.993784
,C:\桌面\college\大四上\project\flower_GoogleNet\flagged\output\tmpdw_d8quo.json,,,2022-11-26 16:35:04.147011
,C:\桌面\college\大四上\project\flower_GoogleNet\flagged\output\tmpge484r9i.json,,,2022-11-26 16:35:04.416275
,C:\桌面\college\大四上\project\flower_GoogleNet\flagged\output\tmp0gjt9wws.json,,,2022-11-26 16:35:04.572417
,C:\桌面\college\大四上\project\flower_GoogleNet\flagged\output\tmpg48o69gu.json,,,2022-11-26 16:35:04.725009
,C:\桌面\college\大四上\project\flower_GoogleNet\flagged\output\tmpw1sb4fi_.json,,,2022-11-26 16:35:05.000639
,C:\桌面\college\大四上\project\flower_GoogleNet\flagged\output\tmptp624dkk.json,,,2022-11-26 16:35:05.133284
,C:\桌面\college\大四上\project\flower_GoogleNet\flagged\output\tmpkklhmovh.json,,,2022-11-26 16:35:05.275531
,C:\桌面\college\大四上\project\flower_GoogleNet\flagged\output\tmpkmqv2f86.json,,,2022-11-26 16:35:05.424948
,C:\桌面\college\大四上\project\flower_GoogleNet\flagged\output\tmpgwl3q14s.json,,,2022-11-26 16:35:05.952436
